branch_id,terminal_start,terminal_end
0b793198-6ff5-4d9c-a399-5344fe6d22ad,4ec22423-b389-403b-b4e0-b85a33f7832f,d7fad018-36da-491e-97ea-c18f98aff064
e78cfe21-aa35-428d-a899-a8fe61f8303f,48b2a15b-5838-4874-8461-d76587769de5,d888d625-8125-40a2-a4c8-ca2e39318bc7
11ee77b8-6283-4a55-b952-72ff6b14200e,84e3b2e5-3047-42ab-b7f3-3bfa762bb3eb,08ab6a21-0940-4dd7-be91-321fabc8a4e8
907b8701-2d9b-4015-a722-eaa9938dc565,bd5f661f-b3e4-4e11-a069-630bcbe76829,0e302aa6-e85d-48c4-b4ca-509a03ff96ba
8552fd31-109a-4889-9922-71ce77307438,df2dea8f-abbb-4ea9-bdb0-71e34451034a,3a1ca402-ad9c-4349-801f-1a1f80e49b76
4e2d6237-2c94-455e-89ae-2d215782f85a,7ac6c580-21fc-4a35-bfb5-f5a5ea601dc0,d4109d29-442d-4ebb-af1a-d018392c24eb
bccc248b-8dad-4214-8a62-7aa0088286e7,2ce21189-8a08-4c14-92ce-f95cb9c5883b,855d7a03-c368-4a12-bd80-763da155fe9b
f6243247-bef6-4fde-b1fe-14da3030aec8,95d13c84-eb63-45fa-b60b-b960c2c536e4,aa4b235d-7e74-4a6d-b395-b014c21e96a1
eb9afe5a-cdb3-4083-bcd2-d346ad84fa92,ff760945-68fd-4780-97ce-c71a9e68d028,38c1a842-0791-4f04-958b-ee8210d23ac5
a1486d20-d759-4abf-9a7b-72c411eac9c5,990af4d2-060c-4a16-850d-93fd8fae72a9,fbfe0729-7080-4f6e-b726-b1c0e0ea6390
ce3ca8f6-5332-4521-8cca-1a39bbb8f85f,7cbbd4e9-7a72-47eb-b66b-434391ca62f7,7b2d28ea-b60f-467b-8615-736db389ad97
8a38d9e7-8b80-4e3a-aa2c-8fe93b213a0b,9b63114c-942a-40bb-a0be-ef7c059b626c,20b5fb04-4b41-4849-a356-ea96ab6a6037
87714138-4e04-49a6-b599-27cde541f72b,70a10c37-145f-43db-9b6c-4519e2cb8ca3,f477505c-4c28-45d5-96ba-a0743c23fd7f
483617d8-7bdf-4efe-92c4-761899e1e1b8,35ca9162-b0d7-4894-8f60-2768e897eb4e,a8350ec9-166b-4c9e-9646-b9852155fd1f
bf2e81d6-8ada-4ab9-b261-d51d7f8afdcb,a715def0-be7e-4254-8bc3-c575b054d7ed,e8da4678-28bc-4bd9-a037-4d3e640d7e20
36dc5e97-fb56-4193-9b7c-296ab344f250,a77798de-7681-4180-8289-b23035fcde12,505e9a4f-ed02-4908-b83d-6c15d510b712
c71bb58c-b772-4e06-b7c8-7358aff1747b,9beb7cb4-4ba3-4eb2-a4ab-bb1ef5683c31,ef8b623d-cbf0-4a40-9b9c-b4aa984c5030
f0085181-a0fe-4d79-b433-f93500434264,26a6338a-221b-41a9-8e08-dd5010b6c3e3,74a14ca1-4558-4514-b64d-a50ea4bdd34a
3418caf3-5587-4e8f-b1ac-3247317a3d06,723a8e2f-ed23-40e8-8a31-8c1a96a7cfab,5702a44a-b3e3-43cf-b529-3d31e06f85b3
ab71bd5a-985c-4986-a30e-2c0db55036b5,fab76194-829a-4f47-b96f-a3c8fc19875e,a2765420-9d3b-43c6-a4ee-c5c8d14d827e
5b8f3f0c-71bf-4e37-94db-4472801c2b7d,a3a237d1-d2a8-4435-8adc-ae572da05db8,62e62a75-846b-4dfd-871e-1cba637100f8
fc1dd1bc-14c0-4443-8e30-82a8353993dd,c357f3b9-b2d9-41f9-80ac-4cab381c07fa,9cb6e416-b2be-420e-9667-5ad584a4a2a2
da94ffae-b7a6-4049-b328-5820aa070591,2a08a684-f0bd-4bca-a495-d4c9e3368b64,4da48773-a726-4b8f-9aa8-03554e0a6073
33a48a31-cdc1-46f7-af72-bab326ea961f,e55d0a29-5021-46ed-87ef-bebf2a969ac3,77b14f74-d187-4f3b-b714-dc9e9a46be8c
fd5e83e1-4a6d-4ed7-a326-190cf19eb344,e129ec11-dba1-4c3d-bdf5-fbde0d053f05,8cf743b0-f150-4187-ad63-7300d183e7df
751745c8-0cb5-49af-999e-61191a75fb6c,a9e1ec18-3113-4065-8696-0ea84536559b,ca9e5ca8-c009-491a-8476-57a6715c78cc
580c1274-3724-43bd-9765-bbc70fef0641,5a0175bd-abcb-471a-b434-9b8dc40c2dcf,ee85be54-5610-42d2-9a3f-bc5745cc8eae
277c38c5-e967-4dea-bbcb-c278a89b6f63,bfb8b3ee-be83-47e6-8292-716943bb3109,fd85104c-8501-4114-8ff2-ca0061705ffe
0a53e663-1595-4596-abd4-ec41347aacce,26a9e352-7f95-4c1c-9a67-9708a41fec2e,ac08fcd2-a1ca-43bd-9251-486238e0a402
3352864c-aff8-4d4e-a54a-66879f573cd2,18dfd79e-2431-412c-b2e4-b11922225d67,c379bcea-7792-4032-a870-39a02b013bd2
6d98a8ad-d2f5-43d5-aa6e-b2ad1e24cb2e,dce26843-6a04-4e1e-b82b-d5618f8e346c,f8cdfa79-be27-404b-84db-7b00d4cbb259
4649c8b8-c73c-4a6d-8da8-39cf3d853476,bd583326-d5c9-44ef-abac-a1168d36e146,342dae63-5f8e-4d19-a94d-8a6775c12423
17c3fa13-6620-4e9b-b75a-5a7b8fafd19c,45c2c0d8-141e-4d3f-9f38-c34f3b5e5641,8dbcd71e-138e-451c-9140-b8ff2a7456c1
a1b4a073-fd89-4fca-b864-593dc041bcdf,14dd2b8f-bac8-4441-9e35-b96dd9920208,66fdd906-069a-4a62-b8b4-b6e8d4a452b6
92e4639e-cf75-461b-89be-3a8bf0e3c8a8,9b5aaaa7-d403-4960-9098-0ac3030399fe,8ac833e6-f39f-4235-87f3-5049afb8dc63
6443c3c2-53f4-4e64-85d9-b92f892ce956,fc6d678d-f8de-438b-956e-2c246bad3b5e,3046b181-e2cb-40d1-971a-5d4c21806843
5f902477-6a30-42b9-8e78-0ecd4f65f7c4,d5c7cced-66ab-4bd2-a634-7316df307dae,7e0a57d7-1dbf-478e-819e-fd594d6e7e64
5875b1a8-7fdc-41a2-a509-40e6e8327272,ce891a55-d99d-4a2d-9919-56aa8189457f,80e007e2-5476-4535-b6ad-5c55e2be5308
c2263089-5a3a-427c-89ee-7d9cb7beeca1,d32098c0-b615-4661-b3d7-a65399a5e4a8,41d5e4b4-1d3b-4e16-a7e0-a04016513216
bb796d80-7489-4c3a-959d-3017ee34a87d,bfee4876-b819-4d33-868e-6c46f74300d3,cfa96b1b-8638-4bf2-a959-299b6da5fedb
1b0b75e1-eac0-4d5b-9982-90ef5c93984b,2c5c71cb-f157-4333-8d42-cfb6d51aba72,40d98005-c73e-459c-95bc-98af71d040e1
747b1a7d-8a50-401c-a88b-852207d80a72,db4fa945-988c-4bf6-aabb-117799e5f469,086b6546-6b2f-4bb1-a9bf-9bd35417f4f6
ba8ce0f9-aa03-49e0-a3ad-c6664ceaa65a,d8f1fa4a-1fa5-46b5-9a84-20160055ba32,1783ce6b-3586-4deb-bc36-57aa1cf72bfd
00266d62-5977-439d-8a3b-a02425973113,8eb178b4-994f-45fe-8643-2e5b4ae4c57f,d23d1187-c96e-4e42-8f48-05bb462c02e8
79c5aca9-97bb-454f-9a5f-da656e71904a,3b8ff2ef-2f0d-4e3b-8db3-069f5a8e8e41,9c767364-8ad4-4657-815b-a6456c4d46ec
e9265578-ccbc-403a-a71b-8b8602855a46,7271fd4d-f5b1-46f3-923a-3b0bac3df8f9,7017e288-58d5-457f-ba72-1f57c8c8fb0f
f27fb1f1-5658-4ac9-b894-49f68d349374,aca32251-36e3-4ccd-a5b2-89b0dd42fce6,33aeb1d4-ee39-444f-a485-b8e6e971ff8c
af06a78f-0fa5-4f4d-b3d6-93561dc05949,43614f69-906d-4701-b0b8-90ac0455c214,ecc1fbf0-efb7-4058-8a24-fd07099d2f07
f0022dc1-934d-404a-9e17-0b82a7a8d286,65e037c4-161b-40c5-a15a-e6522321e65c,42c563d4-dc52-49c3-98b9-799b68a7a007
cbe3520e-b83a-4b7b-994e-e1b0a8ebddb0,c921f230-7173-4f20-ba10-22a94ce4dd83,c921f230-7173-4f20-ba10-22a94ce4dd83